2,3d5AD30A4cD38ed,Jo,Rivers,Female,fergusonkatherine@example.net,+1-950-759-8687,1931-07-26,Dancer
3,810Ce0F276Badec,Sheryl,Lowery,Female,fhoward@example.org,(599)782-0605,2013-11-25,Copy
5,9afFEafAe1CBBB9,Lindsey,Rice,Female,elin@example.net,(390)417-1635x3010,1923-04-15,Biomedical engineer
13,CDA21B6e83Cafe3,Eddie,Barnes,Female,brandy23@example.com,801.809.9181x37308,1975-02-27,Dramatherapist
14,1CC30c5F204332e,Ralph,Lowe,Female,dleon@example.org,+1-511-127-6660x230,1938-04-10,"Presenter, broadcasting"
16,bFCFDdE5491caE8,Carly,Abbott,Female,stricklandomar@example.org,(416)979-0633x058,2007-10-27,Therapeutic radiographer
18,aCefF56E59aAf75,Natasha,Macias,Female,dorothymeza@example.com,(929)366-8549x3587,1971-10-31,Recruitment consultant
19,CF091D6b9Dd4F9c,Courtney,Jenkins,Female,estesana@example.org,(973)243-9193,1948-01-20,Accounting technician
20,462EF46dcaab6EC,Perry,Mcmahon,Female,allison66@example.net,060-611-9377x90160,2006-11-24,"Education officer, museum"
24,3Cb9Fe3aB463dba,Norman,Walton,Female,samanthasummers@example.org,(590)187-8007x273,1973-06-19,Personnel officer
25,be6BBa9EBFeBFcc,Roger,Sweeney,Female,leblancjohnathan@example.org,+1-927-383-6844,2008-09-09,Race relations officer
28,2Ab20Ed8CfE2D71,Catherine,Nash,Female,nelsonlori@example.org,(322)679-7824,1949-08-03,"Production assistant, radio"
30,d6203591c7BEB4F,Hunter,Hahn,Female,jimsellers@example.com,975-190-7875x3293,1943-02-22,Chief Financial Officer
32,94c6aF7DEe2Ad7A,Nathaniel,Clarke,Female,george75@example.org,(984)863-5741x7054,1910-11-23,Information systems manager
41,aDB35cb99a88358,Harry,Moore,Female,debbieturner@example.net,+1-932-606-8425x22206,1951-07-19,Insurance underwriter
44,355e6511Fa0ff55,Vincent,Berger,Female,shannonrandy@example.org,+1-262-558-4739,1907-12-16,"Psychologist, educational"
46,99A502C175C4EBd,Olivia,Duke,Female,diana26@example.net,001-366-475-8607x04350,1934-10-13,Dentist
47,eEF6Cf6C10b1446,Erik,Rosales,Female,alejandro41@example.net,(412)388-9715,2019-05-06,Prison officer
48,3eD5c0dDBD0a7DC,Judith,Wall,Female,marvinmolina@example.org,353.983.3416,1985-12-25,Restaurant manager
49,EbD7AF6EDF4831e,Chloe,Ramirez,Female,tblack@example.net,355-371-5885x826,1907-07-28,"Psychotherapist, dance movement"
50,afF3018e9cdd1dA,George,Mercer,Female,douglascontreras@example.net,+1-326-669-0118x4341,1941-09-11,Human resources officer
52,DfBDc3621D4bcec,Joshua,Carey,Female,dianashepherd@example.net,001-274-739-8470x814,1915-01-07,Seismic interpreter
53,f55b0A249f5E44D,Rickey,Hobbs,Female,ingramtiffany@example.org,241.179.9509x498,1910-07-01,Barrister
58,3CEf7FDfACa48b7,Gina,Little,Female,craig28@example.com,125.219.3673x0076,1954-10-07,Production engineer
59,239dbABfd1d1B1e,Connie,Dawson,Female,connercourtney@example.net,650-748-3069x64529,1979-07-21,"Accountant, chartered certified"
64,14890EC026d5d43,Shane,Reyes,Female,jacquelinephelps@example.org,246-500-3955,1956-02-11,Art therapist
65,2eC6783b36315eF,Norma,Olson,Female,nealtristan@example.org,826-156-4347x8894,2012-01-17,Academic librarian
69,d2adC15ceDc8Adf,Karla,Steele,Female,gwendolyn67@example.org,+1-153-975-9160x54877,1939-05-09,Surgeon
70,D88FB59Ed3efac7,Alexandria,Mcguire,Female,zalvarado@example.org,0861113397,1977-11-05,Building surveyor
72,32fbdA8e70AeB2d,Lydia,Neal,Female,jeffrey19@example.org,632.827.2115,1939-09-12,Veterinary surgeon
78,aCBb2be896F7EFE,Hector,Sparks,Female,kendra27@example.com,777.238.3474,1953-06-07,"Designer, fashion/clothing"
79,6C2EA6b5e2eda3C,Colin,Conley,Female,glenn29@example.net,717.061.0941,1938-11-29,Surgeon
82,fEE61DcbEb41633,Meghan,Humphrey,Female,parrishbenjamin@example.net,890-134-1311,1962-09-27,"Research officer, trade union"
84,2BAFB7b410ebE3f,Joyce,Abbott,Female,dporter@example.net,673.878.6558x33809,1994-08-29,Recruitment consultant
85,C76ae7aAFcbB2cA,Isaiah,Olson,Female,franciscoshah@example.net,406-298-3045,1974-04-30,Chief Financial Officer
87,cdDbF70fBdfdCaD,Devon,Henry,Female,brandy99@example.net,(839)224-3577,1982-09-20,"Civil engineer, contracting"
89,daBacFb2F431Dfb,Tom,Mccarty,Female,thomasjefferson@example.com,+1-008-555-9017x5699,1967-04-20,Paediatric nurse
90,1187FDb1d7C98B0,Bethany,Davila,Female,ashley45@example.net,(021)896-7173,1922-08-25,"Surveyor, commercial/residential"
91,690145e7Daff789,Ariel,Blankenship,Female,baileyblake@example.net,0412659505,1973-01-21,Actuary
94,fe3E1A26dc62DA6,Carly,Brooks,Female,fmelendez@example.org,358.163.4148x2319,2006-07-28,Production engineer
96,3c3e7EB7afBFb5d,Doris,Holmes,Female,nguyentonya@example.net,7631450835,1973-12-10,"Engineer, materials"
100,7f83AADE353F5ad,Matthew,Yoder,Female,druiz@example.org,702.591.8573,1993-06-17,Insurance account manager
104,98B4EeDf0aF2d88,Janet,Heath,Female,nramos@example.org,436.750.6198x86373,1989-12-11,Fitness centre manager
107,24e1fa8cf0c7BD5,Dave,Myers,Female,beanfrederick@example.com,064-606-7086,1953-11-17,"Therapist, nutritional"
111,aA6A5Db8E06C3b1,Victor,Castro,Female,barbara05@example.com,(443)703-9896x46775,1939-10-27,Audiological scientist
114,AcBD2EfE48eEa4F,Erica,Atkins,Female,bradycain@example.org,743-835-6511,2018-08-01,"Psychologist, clinical"
115,D4d937A95711EcE,Tonya,Blankenship,Female,summer68@example.org,001-385-949-1206x66591,1926-09-30,Insurance underwriter
116,f9dd0F20DDC20a9,Diane,Small,Female,cuevasyesenia@example.com,(918)520-3208x3647,1995-01-10,Waste management officer
118,625CCE85FfAA2E6,Dana,Higgins,Female,pnielsen@example.org,001-414-299-1667,2020-10-22,Garment/textile technologist
122,97f2a3845Ac6aF7,Darren,Manning,Female,ocurtis@example.org,(278)176-8091x59960,1979-08-08,"Runner, broadcasting/film/video"
125,18bc6EeCCE1f1C2,Tracie,Mooney,Female,nicolas31@example.com,291.587.2513x569,2016-02-06,"Engineer, structural"
126,1Bb45198c473530,Tim,Ponce,Female,sblair@example.net,001-183-061-5706,1923-09-04,Museum/gallery conservator
128,a2A4fd285DAD2b4,Autumn,Davis,Female,sierrabrock@example.com,(074)697-9276x0345,1929-11-25,Hydrographic surveyor
129,eAdCa2bd47Bbd5e,Christina,Hendrix,Female,cchandler@example.org,283.514.2546,1963-02-09,IT sales professional
133,99d1Fb3608ACF2A,Christina,Carter,Female,joannacastaneda@example.com,371.388.5547x616,1966-10-08,"Engineer, agricultural"
134,4eB6A9cb84BF51B,David,Faulkner,Female,costaariel@example.com,001-892-550-0086x088,2010-09-23,Museum/gallery exhibitions officer
135,B43EAF7bc56967C,Willie,Arellano,Female,owensmeghan@example.com,+1-029-184-8369x33344,1959-08-01,Interior and spatial designer
141,9BEeD41BDC4ca32,Arthur,Lyons,Female,gmckee@example.org,+1-000-117-8461x20805,1974-08-10,"Development worker, community"
142,B81eeD3F7e13A2e,Alexa,Washington,Female,garrettgordon@example.net,001-660-127-4590x6546,2004-12-05,"Loss adjuster, chartered"
143,cF20CcFDD4E8733,Jorge,Wells,Female,pattersonlatoya@example.net,939.826.3921x144,1908-05-28,Research scientist (life sciences)
144,0c7fc0bFd703d8e,Oscar,Camacho,Female,albertstanton@example.net,853.032.2083,1910-08-23,Fashion designer
147,009E1accabB9Af6,Randy,Tanner,Female,shellycain@example.org,911-487-0373x8825,1996-03-12,"Civil engineer, consulting"
149,Ab0bbcE993E23c7,Christopher,Braun,Female,graytami@example.org,+1-656-507-5397,1976-08-24,"Engineer, petroleum"
151,94bE4E2109cF33b,Kristi,Sims,Female,starkbrandon@example.org,130-033-4673x91152,1967-01-03,"Surveyor, building"
152,3412AaD2be50E07,Mariah,Huang,Female,timothycastro@example.org,384-805-8385x93679,1964-11-19,Research scientist (life sciences)
153,5AB091FFDe887eC,Monique,Mahoney,Female,vholmes@example.com,001-908-915-3254x88513,1915-08-11,Waste management officer
154,d7A706Fd9AdB27E,Stacie,Cardenas,Female,alejandro24@example.org,(554)048-7817x1840,1950-07-17,Writer
155,4fdeB8D3F477aFB,Shannon,Cochran,Female,qcarter@example.net,479.731.1408x0288,1985-02-20,Archaeologist
157,49Dcb786C01C5ca,Anthony,Briggs,Female,marciamullins@example.org,001-299-317-0247,1951-09-15,"Biochemist, clinical"
160,b956E2a9DE3898C,Thomas,Bruce,Female,curtisfrancisco@example.net,001-521-112-6517x8064,1954-10-04,Product designer
162,f52181F2B4c2e9A,Miguel,Leblanc,Female,whitney63@example.org,006-051-5517,1982-03-19,General practice doctor
168,37AdbaEbBA8e317,Jesus,Sosa,Female,jflores@example.com,001-516-867-8624x6537,2019-10-28,Careers information officer
169,beC1BB41df95f2D,Maurice,Hodge,Female,micheal55@example.org,179-217-2547,1930-11-01,Garment/textile technologist
171,1AD35A22F0BA772,Dalton,Butler,Female,tonystuart@example.org,+1-129-561-0470x850,1952-05-13,Claims inspector/assessor
172,382eD6ac4a352cE,Russell,Zamora,Female,isaac99@example.org,+1-720-651-9038x59082,1968-10-29,"Research officer, trade union"
174,C8C2ebF103A8E69,Jenny,Nash,Female,mhall@example.org,879.292.7765,2022-01-26,Graphic designer
175,bddDa7FF9dE3b91,Daryl,Koch,Female,ehicks@example.net,121-608-9421,2010-03-11,Private music teacher
177,C1e7272dFDFF2C4,Luke,Fletcher,Female,ravensimmons@example.net,(235)702-5980x885,1927-05-16,"Engineer, control and instrumentation"
180,2C96bcB1cD0f6ba,Wanda,Alvarado,Female,carolyn22@example.net,001-112-893-2280x858,1981-07-09,"Therapist, music"
182,8EB4C4fd0C44bFa,Ernest,Camacho,Female,jennaconway@example.net,1526791903,1964-04-04,Quantity surveyor
183,7Aa938827F1e018,Haley,Hays,Female,iortega@example.org,001-668-870-9328,1976-05-01,Secretary/administrator
184,Befc7139d7eD662,Dalton,Chaney,Female,pacevirginia@example.com,(439)390-6223x0153,1951-10-09,"Social research officer, government"
186,108773b6Ba4Dbdb,Bradley,Copeland,Female,waltonleonard@example.net,046-790-3722x3553,1984-04-05,"Engineer, aeronautical"
189,eEFc74EBC49e6BB,Daryl,Newman,Female,imccann@example.org,001-445-245-4728,1966-05-07,Copy
190,554A9ecCaFa62ee,Tristan,Morton,Female,terrance57@example.com,1053648903,1959-05-21,Advertising art director
192,26A154Aa4318fFd,Grant,Esparza,Female,levinebianca@example.net,044.291.0252x559,1907-02-16,Historic buildings inspector/conservation officer
196,1aa37dC5b2eB175,Francisco,Flowers,Female,zachary83@example.net,+1-740-404-4829x6734,1966-09-23,"Librarian, academic"
197,DeF3DE4a6ABb2D2,Janice,Daugherty,Female,ireese@example.net,+1-738-435-1686,2015-08-22,Fast food restaurant manager
201,dEEb9bDB65Ed4fB,Stephanie,Nunez,Female,kaitlynwoodward@example.com,255.317.6663,1914-11-04,"Engineer, automotive"
203,c23aDdb939f4D7F,Sonia,Parks,Female,betty58@example.com,862-457-9311x766,1919-01-12,Manufacturing systems engineer
205,eA7df1fcFa5aacC,Tracie,Baker,Female,zblair@example.org,601-835-5192x63785,1951-01-03,"Merchandiser, retail"
206,131570D70d0ff65,Eugene,Richmond,Female,xmontgomery@example.com,+1-313-656-7482,1993-11-26,"Teacher, special educational needs"
207,aBE87b98c2A20c0,Lonnie,Bernard,Female,tkoch@example.org,720-492-0967x56147,1952-12-09,Professor Emeritus
210,1bA6EDeebf7E163,Logan,Obrien,Female,theresa29@example.com,(153)089-2350,1990-04-22,"Engineer, communications"
211,DF17975CC0a0373,Katrina,Duke,Female,robin78@example.com,740.434.0212,1935-09-21,"Producer, radio"
214,AbcE3CcC947cbBD,Makayla,York,Female,xolson@example.net,772.561.6125,1945-01-30,"Librarian, academic"
215,4C5Db5BFDBF60eb,Jo,Olsen,Female,kbraun@example.org,782.372.6746x2582,2019-11-05,Amenity horticulturist
218,4B4D0AD9abE41f0,Cheryl,Friedman,Female,mdavies@example.net,+1-449-563-8394,1966-09-07,Illustrator
220,0cC97Ab1eAF4ABe,Jennifer,Kane,Female,mallorycantu@example.net,(255)274-8465,2019-02-12,Insurance claims handler
221,29cb6ecF75451Cc,Danielle,Howard,Female,rodney01@example.net,232-108-8414,1920-04-08,Set designer
223,0aB79DDdEDdAe0b,Renee,Alvarado,Female,louis68@example.org,001-617-904-1011x95460,1922-03-23,Accommodation manager
224,53147bb2CD4bc1c,Annette,Santos,Female,jadethompson@example.com,068-947-7736,1949-09-15,Social worker
230,C4a0d68C1B2427c,Maxwell,Vega,Female,emoyer@example.org,001-005-312-1029x159,2014-09-03,Speech and language therapist
231,FC8fa29F2D57eCe,Geoffrey,Lawrence,Female,mcross@example.net,001-339-180-2004,1939-02-22,"Pharmacist, hospital"
235,66301e7bCfdB2f2,Pamela,Hayden,Female,hherring@example.com,(222)266-2752,2000-01-16,"Editor, commissioning"
241,ebceFfe3e95DA36,Jean,Harmon,Female,tstafford@example.com,423-011-4943x091,1914-09-13,Geophysicist/field seismologist
243,C7BC4419E1B81Ef,Curtis,Flores,Female,hunter00@example.com,9626840627,1973-04-08,Clothing/textile technologist
245,Fd6F8D9e986Cc3D,Mitchell,Boyd,Female,franciscoaguilar@example.com,969-492-9689x6742,1989-11-08,Tourist information centre manager
246,BF7ad5D75edfdB5,Peter,Bruce,Female,max86@example.org,903-121-7928,1996-06-11,Production engineer
249,94935E4B01ef83b,Stacie,Barnett,Female,latasha47@example.com,7153164628,1989-02-21,Politician's assistant
251,821BBcC7EA6B83b,Kara,Bruce,Female,marcowen@example.org,447-321-4820,1937-11-10,Chemical engineer
254,C07BC44eFA20A96,Jamie,Logan,Female,diane97@example.org,(005)405-6818x9500,1964-06-05,Ranger/warden
255,BF6f9c6fDb18DBF,Nicholas,Glenn,Female,snowedwin@example.net,+1-379-748-4774x27663,1978-07-08,Civil Service administrator
258,d81C0AeE4ba2ACb,Pamela,Hutchinson,Female,marczimmerman@example.org,183.881.9355x2468,1942-07-25,Stage manager
264,6fcbE57aeEc26a9,Alan,Nixon,Female,gabrielarosario@example.com,+1-506-126-5723x259,1992-11-21,Public relations account executive
269,B93d9dCF40B31A8,William,Ingram,Female,pcurtis@example.com,806.073.4010,1926-01-18,Health physicist
270,69EA746B5eEA97C,Bobby,Day,Female,shawn17@example.org,197.437.5363x341,1979-06-14,Computer games developer
273,5aA4DcBDf5EeBd6,Gilbert,Church,Female,bruce35@example.com,001-417-776-1663x831,1971-07-15,Museum/gallery conservator
274,4B8f92DEfD6A22C,Dawn,Francis,Female,vharmon@example.org,6567039189,1995-04-12,Civil Service fast streamer
278,6761B55Ef8Ac3E9,Clayton,Anderson,Female,doylevictor@example.com,7030930740,2006-08-17,Graphic designer
279,510EBCCeF8FABe0,Desiree,Beltran,Female,mcbridehunter@example.com,+1-044-198-1145x772,1929-08-03,Photographer
284,0De37f35c9cffBc,Cheryl,Tucker,Female,caseyanita@example.net,1749251229,1972-08-11,Fisheries officer
285,41ED141ea9e4E0c,Beverly,Clarke,Female,smolina@example.com,1659563807,1978-11-30,Higher education lecturer
287,B40923EA0F7b9d8,Ralph,Richards,Female,alexa92@example.com,3328594631,1942-01-30,Contractor
288,bE0FB0ACceD7cD0,Stefanie,Castillo,Female,holdenanne@example.com,+1-842-718-8551,1924-04-12,Ship broker
291,D269D6cDBEB29b5,Pamela,Dean,Female,randyhogan@example.org,6119355874,1946-02-11,Product manager
292,9dCfeDAe04fffE2,Tricia,Chandler,Female,katrinamacias@example.net,(288)206-2798,1952-08-06,Primary school teacher
293,c1D6Ddced4Fe3eF,Zachary,Nixon,Female,claudiayoung@example.com,333-779-8097x2347,1986-09-12,"Scientist, physiological"
299,7CcAbC7CAfC4e39,Stacy,Roach,Female,margaretlane@example.org,027-908-7316x725,1978-01-08,"Buyer, retail"
302,c4AB82050cEE8f1,Angie,Munoz,Female,karlpotter@example.net,001-772-944-6336x168,1984-09-26,Land/geomatics surveyor
304,05aaB3e75C576D6,Mary,Donaldson,Female,collinlara@example.net,(223)537-4201,1965-02-03,Psychotherapist
308,4dE9EDDe64A5A1C,Megan,Owen,Female,cpeck@example.net,386-935-3146,1921-08-18,Corporate investment banker
309,26bEd99B3626fFB,Steven,Decker,Female,tgibson@example.net,697-507-8931,2015-09-14,Analytical chemist
312,53a8165b5eFDeBb,Alex,Newton,Female,jerryhenson@example.net,061.212.6336,1941-06-12,"Surveyor, hydrographic"
313,eD7A4B7C22dAE96,Bethany,Walsh,Female,hurstadrian@example.org,+1-302-773-8245x25654,1965-07-30,Arts administrator
316,DCc1fd51aecd9dd,Marc,Owens,Female,vernon03@example.com,678.889.5526x04700,2018-04-04,Newspaper journalist
317,F68014D31ddbf8b,Kristin,Love,Female,chasearthur@example.org,001-588-163-4981x9542,2007-09-04,"Conservation officer, nature"
318,EbeBaF711EecFa4,Frederick,Villegas,Female,pamlozano@example.net,416-187-9026,1927-08-18,"Programme researcher, broadcasting/film/video"
321,0AB25BC3Df4bcaE,Emily,Good,Female,lincindy@example.com,4340260358,2014-10-17,Quantity surveyor
326,d06B554F25f3d0E,Brittney,May,Female,ocochran@example.org,(731)154-7011x27829,1980-07-15,Metallurgist
330,810Cee3Cb9E7740,Candace,Case,Female,michael90@example.org,9243744843,1911-07-10,Operations geologist
331,CBff85B9A4A4Aa3,Valerie,Welch,Female,iortiz@example.net,001-607-800-4979x96494,1918-06-07,Brewing technologist
332,3f4F6D658B8e4B3,Hunter,Blair,Female,vcabrera@example.com,463-565-9012,2008-12-29,Mental health nurse
333,b9b02AbadcD77Ee,Phillip,Barnes,Female,ferrellamanda@example.org,203-841-2499,1917-02-23,Architect
335,dF2fC9cE842641b,Daniel,Morris,Female,gillespiebruce@example.org,916-379-5370x9984,1926-05-07,"Nurse, mental health"
336,Ce7fdC4A27F8BfB,Jonathan,Molina,Female,cbryant@example.org,269-521-3375x516,2005-05-29,Financial adviser
337,99375ddcf9ADB4b,Kirk,Norton,Female,hahnroberto@example.org,825.175.3063x06412,1923-04-07,Broadcast presenter
339,5FBeaAfC67EDA67,Stefanie,Prince,Female,ohorn@example.com,+1-947-012-2217x8447,1968-03-19,Leisure centre manager
341,DDB3ac3B6fDd78c,Lydia,Torres,Female,cherylmcmillan@example.org,(815)610-5096x2795,1955-03-03,Therapeutic radiographer
342,F662ad8DfeC0095,Jenny,Hurley,Female,balldrew@example.net,+1-460-516-0197x80941,1961-07-04,Dance movement psychotherapist
343,Db68EC1E050bdb2,Ryan,Ward,Female,randall14@example.org,001-250-675-6940x85289,1960-04-06,IT sales professional
345,Daf8e1af4eEe8F3,Kari,Brewer,Female,michaelgallegos@example.net,7019789360,1991-12-14,"Solicitor, Scotland"
349,dCA2E3af07ed79d,Darryl,Barton,Female,danielskim@example.com,0309854071,1922-12-29,Prison officer
352,89adaADBd6c8F56,Robert,Montgomery,Female,anita65@example.com,(113)014-7831x9464,1969-05-04,Media planner
353,b1788A50be78Efc,Randall,Collins,Female,pmcmahon@example.com,000-017-1834x8902,2012-01-31,"Conservator, furniture"
354,BEFD3f590Bcf07d,Stacie,Archer,Female,paynescott@example.net,995-193-0690,1980-08-13,Cartographer
355,2d6993bBcBBFE58,Eduardo,Rodgers,Female,christyrichards@example.net,(934)434-0536x044,1911-01-30,"Librarian, academic"
357,b3dcF7DFecB31A1,Jermaine,Michael,Female,meghan13@example.com,102-357-5047x964,1937-02-16,Medical laboratory scientific officer
360,7A95b5f60c15e16,Kathryn,Bernard,Female,sarah48@example.com,+1-564-314-1216,1957-08-17,"Conservation officer, nature"
361,CBBE3b613E5EA09,Jamie,Jimenez,Female,reevesphilip@example.net,193-705-1010,1919-12-09,Social worker
362,7E8caA1EfbC9865,Francisco,Hutchinson,Female,kayla48@example.net,6556708415,1960-04-24,Paediatric nurse
364,d70fce03dC34Ad2,Heather,Snyder,Female,micheal66@example.net,(683)029-9498x16512,2010-08-11,"Nurse, children's"
366,5BB4737f69cBBeD,Kaylee,Dixon,Female,brendanstewart@example.net,(127)899-0101,1986-07-04,"Scientist, research (physical sciences)"
367,3f5a8fd3CBf4b74,Ariel,Prince,Female,bhardin@example.org,001-429-361-9801,2003-08-06,Product/process development scientist
368,41C9C171F0e66FD,Emma,Hinton,Female,nichole84@example.org,416.377.5635x626,1934-03-29,Education administrator
373,7feEdDc7bd8f38C,Gilbert,Lin,Female,louisgould@example.org,614.800.0257x53837,1910-09-07,Medical physicist
374,9caF0aE6cF8Dd10,Jose,Deleon,Female,francesbeltran@example.com,566.226.6794x994,1969-05-14,Investment analyst
379,6355f81A0aFfFfD,Calvin,Gilbert,Female,dustinclayton@example.org,001-085-594-4559x872,1945-04-16,Best boy
380,d49EcceD0Fe3FfB,Glenn,Graves,Female,jermainewalters@example.net,(742)983-1958x88209,1929-03-27,Visual merchandiser
381,8A9d5DF69Eb8c3C,Jeff,Olsen,Female,shepherdallen@example.net,211-241-9990,1981-06-04,Legal executive
383,B216bfCCEEBFe1e,Gina,Leon,Female,joywhite@example.com,(447)170-2766,1987-01-20,"Engineer, manufacturing systems"
386,A64b3f208cf312e,Julian,Sherman,Female,zsantana@example.com,907-675-0674,1941-05-02,Radio producer
387,4829908F4BE90ad,Fernando,Carpenter,Female,justincombs@example.com,001-642-984-5062x89151,1989-10-25,Chief Strategy Officer
388,Fc86a2288ebfdAd,Leonard,Parsons,Female,christinaconner@example.com,+1-322-128-5896,1942-09-07,Seismic interpreter
393,d500353D059Efd9,Bryce,Ball,Female,chelsey42@example.net,001-463-956-2617x8538,2018-04-07,Financial adviser
394,E95cF2ADa9cd5De,Whitney,Vargas,Female,kirkoliver@example.com,001-729-772-8427,1946-03-04,Geochemist
397,a816CbCbbd4f233,Grant,Morrison,Female,edward48@example.org,603-124-4407x470,1906-12-29,Glass blower/designer
401,fE5a7Ff19b2aAEE,Henry,Ellis,Female,houseshari@example.net,555.186.4175x684,2001-11-22,Telecommunications researcher
403,E2F6F8eeC9bED4f,Ricky,Fitzpatrick,Female,renee45@example.com,222.092.5549,1952-06-20,Applications developer
404,f930e7A099bbEBB,Tanya,Spencer,Female,rodom@example.com,316-841-7176x52474,2002-08-12,Trade union research officer
405,F7A3A17EA6DCAfA,Francis,Walter,Female,fflores@example.net,498.831.3862,1960-08-20,"Investment banker, corporate"
406,629924399F23af0,Lydia,Alexander,Female,christiemacdonald@example.net,(146)647-9813x47911,1991-07-11,Animal technologist
410,6995ED0DBaCC148,Gabrielle,Fritz,Female,gene66@example.com,(694)789-6740x4269,1926-03-02,Clothing/textile technologist
411,F6dB61Fb3e6eEc3,Maureen,Barrett,Female,cranerick@example.org,657-424-3917x88297,1995-02-18,Warden/ranger
412,6C23a8C9AcbCb7E,Cody,Arnold,Female,glovermike@example.com,534.256.6123x51204,1955-06-08,Database administrator
413,AAF953ce6519B3a,Holly,Manning,Female,vmckinney@example.net,8792929924,1915-06-06,"Radiographer, therapeutic"
414,c1711ACe52AFFC8,Samantha,Barr,Female,qromero@example.net,481.940.8804x068,1920-09-01,"Programme researcher, broadcasting/film/video"
421,febeBfb4A53B2C1,Gabriel,Heath,Female,megangamble@example.com,001-194-635-5597x047,1964-01-25,Wellsite geologist
423,E6E641Bbade1683,Karen,Brown,Female,cbenson@example.net,628.117.2792x092,1999-05-26,Financial risk analyst
424,4FaC35aE11Bb4c3,Molly,Gutierrez,Female,romangwendolyn@example.org,778.519.8483,1971-11-05,Medical technical officer
430,7aFaa0f4Cf25e26,Brendan,Gilbert,Female,isaiahlewis@example.com,(269)248-5703,1989-02-26,"Production assistant, television"
433,b7A6ACe14Da2a70,Tracy,Jarvis,Female,slevy@example.org,+1-938-842-1157x84286,1964-04-11,Associate Professor
437,E99De3bB84f15fC,Regina,Mclaughlin,Female,daisybailey@example.net,876.690.3205x085,2006-02-20,Air broker
439,184f82e6bb6A227,Darin,Wu,Female,osilva@example.net,001-357-295-5098,1955-03-20,"Surveyor, planning and development"
441,ace63bFCc6E8E88,Jocelyn,Hodge,Female,lvazquez@example.com,179-136-1668,1934-03-11,Sport and exercise psychologist
442,7E23C2d0a7A7A1e,Susan,Joseph,Female,carrollpaula@example.org,373-024-3426,1968-01-29,"Engineer, agricultural"
443,Ad1c6fE266De0ce,Whitney,Burke,Female,carlrosales@example.com,2979077002,1927-05-01,Media buyer
446,aa01BBDfDbcee59,Kiara,Miranda,Female,alvarezamber@example.net,266.302.9944x37292,1920-08-26,"Designer, furniture"
449,433adDe6CcCb1a2,Lynn,Cordova,Female,ernestblake@example.net,+1-598-679-0779x4428,1958-12-22,Insurance account manager
452,2D2AEaaBbc6ebec,Christian,Zuniga,Female,bryantbreanna@example.net,070.456.0525x745,2001-01-11,"Librarian, public"
453,b8EdE8dB06C193A,Clayton,Hale,Female,mitchell97@example.net,432-914-6682,1953-12-01,Research scientist (maths)
457,a9E75C7cdc1aB2f,Kathleen,Lang,Female,awhitaker@example.net,921.542.7766,2021-08-09,Amenity horticulturist
458,dcE1B7DE83c1076,Traci,Duke,Female,perryhoffman@example.org,+1-903-596-0995x489,1997-02-11,Herbalist
460,Dc1Ef4D914De5b8,Caitlyn,Wiggins,Female,tschmidt@example.net,991.345.9808,2007-02-24,Solicitor
461,Bb4bE79aeB90465,Mary,Salinas,Female,kirstenkelly@example.net,(630)092-6365x346,1985-11-03,Animal nutritionist
463,1AcD0ccddF0DCf9,Nathaniel,Shaffer,Female,marcusmadden@example.org,4019101915,1942-04-13,Jewellery designer
465,c97AD72A41Cca9a,Jose,Webb,Female,hayley94@example.net,(369)212-7750x511,1950-01-30,"Engineer, technical sales"
466,5dDDcBeFEDa268f,Drew,Valentine,Female,sandra27@example.com,001-867-462-6437x986,1943-12-09,"Horticulturist, amenity"
470,45241fd9cCfaA29,Jeanne,Mata,Female,fmercado@example.com,540-691-8062x229,1940-02-17,Technical brewer
471,9cCe4d460980cdA,Sylvia,Cisneros,Female,perezdana@example.net,(562)770-0620x070,1914-12-31,Phytotherapist
475,cA2E09ACc7f4c91,Curtis,Bolton,Female,sherry25@example.com,+1-210-167-7678,1967-07-27,Astronomer
477,CC48BFF6057dE79,Rodney,Obrien,Female,hardinross@example.net,338-742-1755x20799,1931-10-01,Printmaker
479,d5703EFB0aE200d,Shawn,Hogan,Female,bfreeman@example.net,+1-263-115-1291x70186,1996-10-22,Administrator
481,2E94Affb5a9dB80,Carmen,Stevenson,Female,perryhubbard@example.org,1215885174,1958-08-12,Occupational psychologist
482,915f18a27Bc7A20,Dawn,Hickman,Female,ruth92@example.com,001-331-453-1563x2715,1984-11-05,Field trials officer
488,a3c4c0fEE9fdee9,Louis,Hayden,Female,wvasquez@example.org,(523)377-8571x2287,1945-11-15,Haematologist
492,DBB6059dF096fa8,Evan,Logan,Female,shermanlacey@example.net,303.083.3066,1920-01-20,"Engineer, civil (contracting)"
493,0BDeC9Ae4A14b87,Monica,Fry,Female,clarkeshaun@example.net,001-390-730-5653x49003,1911-03-21,Chiropodist
494,fdd16C2cB2631F0,Caleb,Nguyen,Female,janice77@example.com,(370)809-0651x2330,1949-04-23,Osteopath
495,feaBDee80bd3bDf,Tasha,Lamb,Female,darryl45@example.net,161.061.1526x49903,1972-01-18,IT technical support officer
496,4AfB8b6AB186855,Alyssa,Cisneros,Female,shelia93@example.net,641.972.7875x334,1972-02-25,Fish farm manager
497,eC15B0388fc6A1E,Seth,Bullock,Female,joann83@example.org,027-061-5404,1920-08-15,Publishing copy
501,dFaB7Bc81Df7EFE,Melody,Clayton,Female,lynn01@example.net,+1-021-934-3005x16455,1909-12-01,"Investment banker, operational"
507,E87cf2dc71eFEd1,Dan,Woodard,Female,stewartalan@example.net,001-698-038-8121,1940-04-19,Psychiatric nurse
509,22A3f7DdA2f4CbD,Clayton,Flowers,Female,brennanamanda@example.net,+1-238-636-3961x830,1945-08-26,"Scientist, research (life sciences)"
510,B93dCdCCA9aee5e,Rita,Jefferson,Female,ijacobson@example.com,(264)357-4205x76487,1907-04-01,Media planner
511,6dbECa1c2d65A28,Melissa,Palmer,Female,alexandria21@example.org,987.550.4906,2021-01-18,Sports therapist
515,6BeFa7bCaCe35bf,Marcia,Berry,Female,alee@example.net,281-101-3518,1960-04-20,Bookseller
518,5eE0eCa3c6ABffD,Benjamin,Moses,Female,roweisabel@example.org,(377)530-0895x3205,1981-03-30,Electronics engineer
519,0eE44a7fAf7d1DB,Paula,Mooney,Female,phyllisnelson@example.com,(737)835-0276x1710,2000-09-22,"Designer, jewellery"
521,3f9be87fDa35Cab,Kaylee,Cantrell,Female,ross66@example.net,608.132.3226x353,2014-06-19,Naval architect
523,ffD399FC7075C4b,Preston,Webb,Female,meghankirk@example.net,040.392.0489,1987-07-16,Theme park manager
525,D59d22DD2bF13C8,Gina,Mays,Female,perrylindsay@example.com,001-850-427-6484x019,2021-09-13,Health and safety inspector
528,0fD7769271FC4d4,Alex,Burns,Female,pittsmarissa@example.com,(764)943-4650,2015-07-24,Immunologist
532,e5c8a1353Ea0C5F,Amy,Roman,Female,ashley97@example.net,(639)194-6306,1988-10-09,Immigration officer
534,b1bb1cC8deF5333,Alex,Morrison,Female,alyssa29@example.com,001-839-115-6210,2021-02-28,Veterinary surgeon
535,66dAcfaceb50FCA,Allen,Mccall,Female,rileymullins@example.com,001-294-141-0218x506,2010-03-08,Scientific laboratory technician
536,4c41eedEcD804E2,Tiffany,Donovan,Female,morganortega@example.net,+1-826-333-2543x472,1977-02-19,Set designer
537,a3672321B2aAa1F,Sally,Garrett,Female,cflowers@example.net,984.556.4232,1970-05-07,Agricultural consultant
539,6cA2D7ED3BeFb75,Willie,Ewing,Female,tristansawyer@example.com,398-314-2315,1985-05-15,"Engineer, materials"
540,effC88CfAbbC5f1,Isabella,Caldwell,Female,tterry@example.net,001-594-212-6731x9666,1939-07-28,Geophysicist/field seismologist
545,a6cAC992Fb6BEBC,Nina,Mullins,Female,rosscoffey@example.com,(567)762-7250,1978-12-22,Estate agent
547,4ab12D986DeafDc,Jacob,Arroyo,Female,manuel98@example.com,414-392-5263x6879,1944-11-10,Prison officer
548,A624979ED308f61,Nicholas,Kirby,Female,kentzuniga@example.net,(148)738-2456x7741,1986-05-29,Phytotherapist
549,Ad3eeD6281043bB,Jasmine,Chapman,Female,perry90@example.com,(933)464-5698x45607,1914-07-28,Education administrator
550,b57FacbCd397D90,Jackie,Potter,Female,logannicole@example.net,(196)169-4158x1406,1983-10-08,Minerals surveyor
551,6da0A79eB0aAF5c,Rebecca,Castillo,Female,parksseth@example.net,001-702-861-2892x431,1935-02-14,Sports therapist
554,8D2CF389dfD9753,Chase,Davies,Female,walterbilly@example.net,001-351-459-8965,1990-10-17,Public affairs consultant
557,0961FAf90F4b2b1,Heidi,Valenzuela,Female,shahbreanna@example.net,667.827.3605x666,1985-12-14,Tourist information centre manager
559,6A8E5aE93ef7Aff,Virginia,Sparks,Female,chanalyssa@example.com,852-229-9812,1942-02-12,Recycling officer
561,6CB75D1B2ab98E8,Lorraine,Andersen,Female,glendamueller@example.net,+1-468-257-9242x76156,1932-12-30,Fitness centre manager
563,E6bB801aCD2F2a0,Aaron,Wheeler,Female,wilcoxalexis@example.net,051.164.3836x1685,1942-02-22,Investment analyst
564,d6Dde5a8cDAcaCF,Raven,Waters,Female,oreese@example.org,001-752-436-0279x255,1949-12-10,"Runner, broadcasting/film/video"
569,bdEbae54edc2b23,Sabrina,Wilkerson,Female,aaronmonroe@example.com,(958)003-4052x152,1913-06-01,Insurance claims handler
570,3d8FCb3DEc6DF1A,Darren,Ramirez,Female,rushashlee@example.com,(255)251-2697x1723,2012-06-07,Insurance account manager
571,0dC7084B63A02BE,Tanya,Burgess,Female,cheyennelevine@example.net,128-000-6793x544,1952-05-06,Secondary school teacher
572,b55f4a156a24024,Connor,Benitez,Female,ballardtina@example.net,+1-826-090-7747x105,1908-06-12,Physiological scientist
573,9AE7aF4ddAdEA5f,Angela,Pruitt,Female,gbeard@example.com,557.677.3532x4837,1948-06-24,Paediatric nurse
574,21476cdda8cbB56,Norma,Cline,Female,autumn44@example.com,2838453308,1969-07-02,Web designer
576,d1dBCAD3825277E,Darryl,Ballard,Female,lauren07@example.com,(444)405-4041x920,2009-07-08,Phytotherapist
577,738C11c81DEeeb8,Maxwell,Greene,Female,maysjason@example.org,(862)324-2691x6036,2013-11-11,"Therapist, sports"
578,7BFf0E550f2D794,Nicole,Harrington,Female,schneiderwilliam@example.com,+1-399-874-1872x07858,2006-03-07,Archivist
579,7FB6905ebe1A4FB,Gail,Walters,Female,ruthashley@example.com,863-702-1425x05294,2009-03-07,Dietitian
580,fAd50CaEC5De3a2,David,Cooper,Female,hross@example.net,+1-137-781-8287,1924-12-01,Trade mark attorney
581,0d76Cc0178cEDde,Jade,Molina,Female,hurleydeborah@example.com,618-010-6972x87439,2021-02-15,Ceramics designer
584,1CAE1D46Bb2D88b,Dawn,Lowery,Female,darlene54@example.com,001-527-990-0673x63377,1991-09-05,Video editor
587,FCb92CeC4Bd2Fa5,Johnathan,Dudley,Female,neilmeza@example.net,001-791-880-8989x42004,1968-07-30,Data scientist
588,D9e46cBD0bb5D98,Franklin,Decker,Female,cwoods@example.org,(839)430-2088x527,1976-08-03,Licensed conveyancer
590,67844458acb8E4f,Kaylee,Skinner,Female,gfrazier@example.org,8644645062,1918-12-04,Tourism officer
592,aB4EC741BFAd71f,Breanna,Yu,Female,bvalenzuela@example.org,(112)291-5113,2015-07-26,"Accountant, chartered public finance"
593,74c74Cac4de4fDf,Marco,Ramos,Female,frederickcooley@example.com,497-871-9483x18212,1958-10-16,"Conservator, museum/gallery"
594,1EB8ac9BE8bbC8a,April,Love,Female,kluna@example.net,4807677857,1919-11-17,Early years teacher
597,220bEfDd34E26EC,Evan,Kerr,Female,clarencesimmons@example.net,127-623-1585x1524,1925-07-21,"Clinical scientist, histocompatibility and immunogenetics"
598,7B4fC10a2bafCF3,Luis,Knox,Female,rsanchez@example.org,+1-229-767-6379x325,2000-04-06,TEFL teacher
599,a93ce099dd11BB0,Jo,Beasley,Female,romananna@example.org,(018)678-2206x0567,1909-12-31,"Engineer, manufacturing systems"
600,fF284beE35bBA83,Rebecca,Beasley,Female,kristinasantos@example.net,126-787-7498,1975-10-16,Film/video editor
602,ec2Cc8fbFBF8F8D,Natalie,Velasquez,Female,bbarnett@example.org,+1-408-185-3192x61329,1949-01-31,"Psychotherapist, child"
604,B3cc4415Cf3aDeC,Molly,Ashley,Female,susanyu@example.org,176-413-5965,1984-06-09,"Engineer, drilling"
605,BE2A1E276a26bA1,Kristin,Wang,Female,cristiannicholson@example.org,+1-591-330-0881x096,1923-11-22,Civil Service administrator
607,4bB94aac5333AE1,Wyatt,Bennett,Female,mcneildonald@example.net,(660)985-6858,2012-02-27,"Production designer, theatre/television/film"
608,CDeF8A60Fb7A1Cc,Meagan,Roth,Female,wilkinsalicia@example.org,(498)760-9791,1955-07-31,Musician
610,Ce4A51f46CD8379,Marie,Bautista,Female,smithluis@example.org,945-623-0355,1974-07-01,Diagnostic radiographer
612,0CfCCfc4617b8fd,Howard,Sosa,Female,joshuawhitehead@example.net,574.033.2464x8931,1929-01-06,"Engineer, maintenance (IT)"
616,35b3eD70Ba7bfF9,Rickey,Sims,Female,yolanda29@example.net,405-736-1929x0513,1914-12-11,Event organiser
617,44bCffc462bAA63,Tammy,Delacruz,Female,dwaynemay@example.net,064.875.1370x536,1997-07-22,Tourist information centre manager
619,936CC4d80a9960F,Charlene,Abbott,Female,morganoscar@example.net,381.196.5445x1259,1929-05-22,Barrister's clerk
621,15AB971997BFF3b,Jody,Carlson,Female,olivia64@example.net,792-307-0981,2017-03-19,Art gallery manager
622,BD4D1Ce1cE4daA3,Theresa,Zavala,Female,gallagheraimee@example.net,511-014-2837,1932-11-28,Charity fundraiser
623,eCD633518f1E6ed,Darlene,Underwood,Female,geoffrey78@example.org,(944)679-9958,1949-01-23,Systems analyst
624,73d4A6193AAEcCC,Amanda,Glover,Female,alexis67@example.org,130-025-6925x8679,1958-12-17,Armed forces training and education officer
625,FE85af8035F58c4,Vickie,Mcgee,Female,sierrapearson@example.com,(715)294-1184,2016-03-20,Chemical engineer
627,10a20299ba5e079,Fernando,Escobar,Female,alejandro98@example.net,9140509503,1935-09-27,Printmaker
632,8bC1dECdBE9C486,Max,Hanson,Female,dylanmccall@example.com,707.325.1888x302,1938-08-25,Physiotherapist
634,EB191EA73E73195,Kelly,Gentry,Female,pamelamueller@example.org,(555)080-0183x3616,2016-09-06,Cabin crew
638,f4EfF9e2fc4D0bC,Jaime,Kelley,Female,onealstephen@example.com,001-822-411-1494x3587,1941-03-26,"Journalist, broadcasting"
639,CBA7CBab9Dfeabe,Brittany,Conner,Female,jennaguerra@example.com,+1-568-518-8771,1936-06-02,Operations geologist
641,C8F6080ebFbAf2E,Regina,Sims,Female,breanna42@example.org,+1-732-469-6082x930,1979-10-03,"Engineer, production"
642,4aFFB7eC9bd16fc,Ariel,Bean,Female,imitchell@example.com,+1-431-536-3865x4539,1995-06-17,Chemical engineer
648,1c4a1Fb8Edf68Bd,Sheila,Pace,Female,bvalentine@example.net,+1-232-944-9856x0325,1997-11-22,"Scientist, biomedical"
649,8FB6bFbdf6d5AFD,Diamond,Huber,Female,kathleenlivingston@example.net,240.542.9508,1917-08-27,Secondary school teacher
652,A3C384EB6F44Fc9,Emma,Jenkins,Female,betty89@example.net,215-204-9440x38332,1955-07-31,"Engineer, materials"
653,BA9FCDFCed8a434,Elijah,Roberts,Female,janet65@example.com,261.518.3562x193,1973-01-04,"Biochemist, clinical"
654,77F47E08CfbCa65,Darren,Hamilton,Female,kaylee41@example.com,+1-286-378-9964x78084,1930-05-22,Mental health nurse
656,5b8EC2B3CE232Dc,Christina,Barnett,Female,spencerdean@example.net,961.827.9503,1923-12-04,Firefighter
657,A93DD75a1B1aC2a,Tabitha,Beltran,Female,morsebernard@example.net,595.653.8428,1915-11-30,"Engineer, communications"
659,F16A25630bcb0CC,Katrina,Jordan,Female,joel78@example.com,789.800.4253x0894,1934-04-27,Planning and development surveyor
660,7D5A42fDBCE5D17,Sophia,Harris,Female,koneal@example.net,5441639643,1988-06-06,Financial planner
661,f11201935b4Aaa6,Brady,Coffey,Female,uharrell@example.org,010-361-9620x13266,1997-08-17,Data scientist
662,f1433fdBF2aF214,Kristie,Cameron,Female,achristensen@example.com,233-072-2674,1932-01-11,Management consultant
663,7f988e027112551,Tracy,Yang,Female,daringonzales@example.com,345-714-8209x42069,1914-12-10,Company secretary
664,0dF8df0E0e1Cf4B,Hayley,Hess,Female,tranpatty@example.org,001-206-916-4788,1917-02-02,"Exhibitions officer, museum/gallery"
670,3cB04beBeCd2daa,Eduardo,Maldonado,Female,jbuchanan@example.com,125-420-8850,2000-11-22,Environmental consultant
671,F593F1abdecC4bc,Shari,Gillespie,Female,terrenceware@example.net,+1-433-681-7720x437,1927-02-08,Sports development officer
673,CE058D7DB97D0Df,Cathy,Gallagher,Female,lwalker@example.org,654-490-7760,1947-01-25,Nature conservation officer
674,Fd8ad0F0ff47bAd,Morgan,Spears,Female,miaward@example.com,9860888302,1981-02-23,Fisheries officer
678,F73c1acfEabbe77,Caitlin,Hoffman,Female,richshari@example.com,437-026-0338,2011-03-23,Phytotherapist
680,fD9d0F38eFBa56B,Doris,Larsen,Female,ewatts@example.com,(777)833-9536,2000-07-27,Financial controller
681,203e2beE6cc7d3b,Mercedes,Potts,Female,virginiarichard@example.com,294-609-5119,1950-07-28,"Conservation officer, historic buildings"
683,bC702C45cBCCa3F,Tami,Patton,Female,blackburnmiranda@example.net,936.049.2941,1945-02-17,Web designer
685,7333106C93e179c,Theresa,Cantrell,Female,qcraig@example.com,001-556-800-7888,1952-12-04,Archivist
686,dBF044bC70d8afd,Kendra,Bird,Female,yhubbard@example.com,+1-747-531-3558x936,1915-02-09,Civil Service administrator
688,8CaBCcBfccaacb0,Regina,Green,Female,earlbenson@example.net,(836)243-2400x75048,1970-11-12,Television production assistant
689,FF2F15A0c3e6Df6,Betty,Quinn,Female,cherylhuang@example.org,(261)395-6954,1910-06-04,Applications developer
690,eBc8c80DF2ca986,Mariah,Woodard,Female,madison48@example.com,392-470-2642x33662,2011-08-27,Quantity surveyor
692,C7e5E19673db661,Kristine,Dyer,Female,autumn44@example.org,(444)884-1054,1919-09-11,"Engineer, civil (contracting)"
693,7EDC571BC5fb2Cc,Brad,Crosby,Female,ydillon@example.net,864.929.4371,1948-01-12,Magazine journalist
696,acf2a33A8Fc3Cd9,Maureen,Flores,Female,terrancegordon@example.com,(279)026-3675x04281,1960-04-17,Youth worker
697,1B7E5A3B1837BF8,Monica,Santos,Female,douglasmorrison@example.org,+1-257-215-0699,1963-05-09,Youth worker
698,f430E7D24D8CdD5,Brittney,Stephens,Female,jaredgallagher@example.net,(208)033-3905x49185,2004-03-20,"Conservation officer, historic buildings"
702,e5b56663E1207cF,Anthony,Ross,Female,onewman@example.com,760-584-2951x865,2008-12-26,Paediatric nurse
703,A4bD25aEFeB33fa,Alejandra,Esparza,Female,rhines@example.com,879.186.9242x3124,2005-10-11,"Administrator, education"
704,6dc774AEa44FFea,Angelica,Lynn,Female,odennis@example.net,001-890-636-4631x405,1954-08-04,Adult guidance worker
706,5E0A3C8fe14c45e,Patrick,Landry,Female,garciaeduardo@example.net,369-852-5458x093,1913-02-26,Dramatherapist
710,1edDB7AddBB3e9E,Richard,Rocha,Female,scrosby@example.com,804.289.3655x00467,1968-09-25,Food technologist
712,F7bf5c95e39b7BE,Jane,Zamora,Female,vanessa70@example.com,131.546.8652,1933-06-05,"Accountant, chartered certified"
713,B117Cee2EEa4125,Rita,Sweeney,Female,jessica23@example.com,+1-640-638-1206x075,1982-01-03,Engineering geologist
717,FB6Fdd4Ff910aeE,Audrey,Burke,Female,jocelyn06@example.org,(783)972-1226x6445,1985-01-21,Public relations officer
719,fAe6254d1E37D0d,Cassie,Price,Female,barbarakrause@example.org,985.118.4184x45627,1924-05-05,Furniture designer
720,5FAaf91AF4cb9d0,Julian,Zuniga,Female,michealfrazier@example.net,+1-530-371-9041x9526,1975-10-07,"Administrator, education"
727,FAbE465EA20A1Ba,Bianca,Becker,Female,chloeray@example.com,+1-470-749-9289x41694,1975-08-08,Press sub
728,d2fFe97a32647f6,Reginald,Roach,Female,parsonsrussell@example.org,+1-565-673-5509x055,1915-04-19,Restaurant manager
730,c9b482D7aa3e682,Lonnie,Duke,Female,kevinkramer@example.net,982.692.6257,2015-05-12,"Nurse, adult"
732,bF6e50d8Ca9f8F9,Jo,Kidd,Female,sherrybenton@example.org,+1-231-981-7467,1906-09-04,"Engineer, maintenance (IT)"
733,A20150cA0966CAF,Diana,Rivera,Female,malikglass@example.net,313-137-7706x08535,1960-10-30,Higher education lecturer
734,FF932e2bcccb9B2,Allen,Fitzgerald,Female,sherylclay@example.org,+1-578-032-3490x96379,1934-02-22,Probation officer
735,9BF53D7DcabdAA7,Leonard,Wallace,Female,knightmiguel@example.com,+1-625-761-5927x0104,2012-08-25,"Chemist, analytical"
736,5A3147D0A0b5eFa,Arthur,Pugh,Female,charlesjanet@example.com,436.435.5330x0823,2017-03-30,Metallurgist
738,BBa02EC792cfFf3,Heidi,Avila,Female,willisannette@example.org,5209615749,1925-11-10,Industrial/product designer
740,d8D3Ed36fa630bE,Sergio,Rangel,Female,catherineholden@example.com,001-246-522-7417x131,1947-12-09,Multimedia programmer
743,8019a2FFb2c0a3B,Holly,Burnett,Female,lindsey59@example.com,+1-354-236-4731x8186,1993-10-18,Warehouse manager
744,de8Bb8dEa84d29F,Jenna,Dawson,Female,ngrimes@example.com,343.808.8794,2022-03-05,"Education officer, community"
752,Fb9178FdC2CEE3d,Wayne,Velazquez,Female,tanyaromero@example.net,009.260.4863x0650,1971-04-07,Prison officer
753,A97F9D0BFde1565,Darren,Lowery,Female,bhaney@example.org,7790359292,2012-09-14,Forensic scientist
754,0AbaC4a6BB81Ab6,Perry,Wright,Female,joseph15@example.com,724-776-4268,1976-02-02,"Geneticist, molecular"
756,Eb6Cd01A17a5a56,Tammie,Neal,Female,norma12@example.net,470.600.5119,1955-03-02,Medical secretary
761,eABE50FeE6c751b,Jason,Downs,Female,lhooper@example.org,(953)294-7560x96973,1916-05-27,Mudlogger
762,d7669B20ebC9A2e,Jose,Kemp,Female,beverlyhawkins@example.com,604-376-7838x28616,1980-05-10,Actor
763,424F7Df575a3065,Joy,Meadows,Female,nathanibarra@example.com,(556)086-8977x05405,1949-07-22,Intelligence analyst
765,fe01EF29A34aF99,Julian,Pennington,Female,kingabigail@example.com,001-657-886-8019x3397,2006-10-16,English as a second language teacher
767,F32De403D1DBac2,Julie,Mckay,Female,cathy34@example.com,+1-109-323-9655x934,1934-02-02,Sports administrator
769,7502B47999fF8ED,Mason,Compton,Female,vmunoz@example.net,001-166-175-2915,2010-12-28,Homeopath
770,C5BAe1ADD5986cE,Frederick,Perry,Female,kristinerodgers@example.com,001-610-348-0297x03252,2001-02-18,"Nurse, adult"
771,dC121D6cCe812fa,Sheena,Crawford,Female,miranda19@example.org,570-822-0078x900,1907-05-18,Ceramics designer
774,db90E7B9FF2A9C0,Marvin,Steele,Female,lukefuentes@example.com,(914)051-9227,1970-05-22,Ecologist
775,5CAbD9dF096Aa13,Katrina,Woods,Female,haileydurham@example.org,001-588-469-9770x4897,1923-08-29,"Surveyor, building control"
777,Ed91fA258936EC5,Alexandra,Ward,Female,lzhang@example.com,767.884.8252x262,1954-11-30,Intelligence analyst
778,F5a33C77aA390AC,Darlene,Mcdonald,Female,katiehurley@example.org,001-198-899-8777x517,1981-07-03,Curator
780,e8Cb6Bc924f9FDe,Vernon,Hancock,Female,simmonsrickey@example.net,577-438-8617x3980,1936-11-04,"Development worker, international aid"
781,dF4FDB4BDAA5f8f,Robyn,Richardson,Female,alishasmith@example.net,699-844-6839,1989-01-02,"Surveyor, minerals"
785,9eD7FFd12eDFaCe,Jean,Browning,Female,clineangela@example.net,081.103.9205x63568,1980-01-11,Personnel officer
788,27eeC47948DFD15,Barbara,Ramirez,Female,kiddmakayla@example.com,956-042-9355x04371,1919-02-06,Ambulance person
789,f7B611b1acC1564,Ruben,Hammond,Female,delgadodarren@example.com,001-899-366-2788x46956,1954-11-10,Freight forwarder
790,A4D53a3EfCfcAcB,Donald,Nash,Female,albertsummers@example.net,412-275-7723x5364,1953-08-08,Speech and language therapist
791,668E9F3f3fbfD6f,Angelica,Anthony,Female,andre30@example.org,(396)368-5082,1943-11-12,Advertising account executive
792,4A9BA13acFe3dB1,Claire,Glass,Female,vanessacox@example.com,263-938-1564x0528,1980-10-24,Race relations officer
793,e1835eA12f669Ab,Leslie,Curry,Female,mike30@example.org,(812)017-6908,1990-11-01,Psychiatrist
799,a1169FdfbB173E8,Debra,Knight,Female,hhayden@example.net,661-621-6341x47106,1924-08-22,Actuary
800,d267aDd8B64dE78,Garrett,Barber,Female,dwayne48@example.net,084-860-0445,2008-10-08,Purchasing manager
802,d2DEaD9fd0ac7EC,Todd,Blackburn,Female,bowengerald@example.com,109-131-3098,1959-07-14,Farm manager
803,ee4aB7cf0f5c058,Xavier,Ray,Female,tommy55@example.net,(780)487-3781x16548,2009-06-05,Freight forwarder
804,c96f6E281e57197,Gilbert,Wilcox,Female,elynch@example.com,009-993-1736x5806,1911-01-18,Historic buildings inspector/conservation officer
805,18941F347C6EFd2,Frances,Gilbert,Female,stacey22@example.com,906.240.9278,1928-06-26,"Journalist, newspaper"
806,25Eeca12Af6dc9b,Eduardo,Whitehead,Female,riveratracy@example.org,626.594.8169x676,2014-03-29,Legal executive
807,d9dD13F72DeBEFc,Jillian,Valenzuela,Female,robinsontaylor@example.net,(768)336-1702,1951-02-01,Music therapist
808,acF9EcCcB6aa19F,Jenna,Atkins,Female,janicerodriguez@example.com,+1-416-626-8025x601,1927-12-20,Broadcast presenter
810,DC89eCAd3e29B64,Ebony,Harmon,Female,guyroberson@example.net,778-994-7847x0149,1992-10-29,Energy manager
811,d9cdb1B50b11E0a,Grace,Underwood,Female,tiffanymaxwell@example.net,229-769-5865,1928-09-27,Electronics engineer
812,D4cd00da652b525,Harry,Conrad,Female,raymonddickerson@example.net,383.013.6115x26877,1942-08-02,Neurosurgeon
813,d0Fd08CEbA41c09,Rebekah,Koch,Female,livingstonrandy@example.com,754-427-9326,1929-08-10,Television production assistant
814,e96B00Ea1A4AfEb,Jody,Nguyen,Female,birdchristine@example.net,001-874-856-8543x207,1948-08-29,Editorial assistant
816,a691dFeB0E93d4d,Katie,Gamble,Female,marshallmary@example.com,3033546235,1977-12-11,Television production assistant
817,71F739A38d5D85A,Patricia,Lane,Female,wolfeshelby@example.org,(344)179-0208x5245,1916-11-11,"Education officer, environmental"
820,bd0E4aCa6c9Ff6b,Virginia,Tate,Female,zcortez@example.com,+1-687-384-9970x252,1953-03-31,"Surveyor, mining"
824,031EEefB0f3f0C0,Franklin,Conley,Female,carlos21@example.org,373-629-5692x404,1914-01-12,"Engineer, broadcasting (operations)"
826,9A6ef2C5f4192B9,Krista,Alexander,Female,raymartin@example.org,+1-996-191-5230x491,2016-03-12,Chartered management accountant
827,bC9AF9CD40dB26C,Tim,Frey,Female,kiddbryce@example.net,532-779-2449,1956-06-19,Rural practice surveyor
831,feAb6AB57dE8DB3,Kirk,Stanton,Female,fcantrell@example.org,057.846.9210x0614,1935-04-22,"Scientist, forensic"
832,b6A2C01C4d6c9a0,Toni,Kline,Female,shouse@example.net,(052)232-0502x8854,2012-05-02,Camera operator
833,0e0E47F5b9AbdDe,Sonya,Flowers,Female,novakleroy@example.com,001-187-987-7783,1943-07-19,"Designer, blown glass/stained glass"
834,bc4EAf173C2e2cc,Stuart,Kim,Female,chrismcknight@example.net,975.738.3349x314,1991-12-17,Naval architect
838,c03baDebc04ba3D,Mark,Donovan,Female,lorraineellison@example.org,001-711-429-9158x6035,1914-03-26,Race relations officer
842,A611B2d0cbD23bB,Laura,Horton,Female,owensdanny@example.org,0281801251,2013-01-17,"Radiographer, therapeutic"
845,77fd54b78285efa,Dana,Hayes,Female,uhale@example.org,686.995.9817,1979-07-24,Public relations officer
847,4Fc2781bb90980C,David,Garcia,Female,keithjacobson@example.org,473-521-1775x077,1982-11-21,"Engineer, petroleum"
849,Ccba2A606527545,Shelley,Barajas,Female,pateldennis@example.org,(821)711-5848,1925-01-27,Licensed conveyancer
851,fB2Ae2Ca0AEFaa0,Gwendolyn,Lane,Female,dberg@example.org,115-751-4099,1984-02-06,Chief Technology Officer
854,89F06B3fA6caF36,Gloria,Allison,Female,dtorres@example.net,409.930.8937,1948-06-26,"Doctor, general practice"
855,5BAA7F0Bf70A588,Kristi,Orr,Female,ashley82@example.org,(830)679-1944,1948-04-21,Quality manager
856,Ed6dcecd37Fc4d0,Bethany,Olson,Female,rose29@example.net,6097713760,1977-08-23,Retail banker
857,3f66552DA64B9AC,Holly,Cisneros,Female,brandyward@example.com,001-673-249-3523x21337,1919-04-09,English as a second language teacher
859,f45723A3eab55fb,Kaylee,Meyers,Female,cameron76@example.com,(684)253-6679x4634,1918-07-30,Acupuncturist
861,e4BC290cda6E2b4,Roberto,Frey,Female,stoneherbert@example.com,304-888-7577x065,1977-06-09,"Loss adjuster, chartered"
862,Ecd8EF1bE3A5F3B,Doris,Coleman,Female,gilbert18@example.org,(934)889-1519x161,1951-06-21,Dramatherapist
863,D4eEb4d79D28F5D,Nancy,Reese,Female,tonya44@example.net,001-237-052-1052,1957-08-17,"Surveyor, commercial/residential"
864,Bba2ac9fC7CdfC4,Juan,Pratt,Female,michael11@example.org,(768)620-8511x7858,1973-06-07,"Nurse, children's"
865,F5D5aDBEBCFd47D,Marvin,Li,Female,max62@example.org,185.798.1904,1969-09-25,Market researcher
866,9637A7c8840FbdD,Angela,Novak,Female,briana22@example.org,+1-482-625-9392,1929-05-26,Proofreader
867,a2CffC07D6ee278,Bradley,Miller,Female,kayla45@example.com,439-095-8164x106,1987-08-12,Management consultant
869,bB9D1eC2d6CEF3f,Leon,Farrell,Female,rosariojean@example.org,001-665-191-3219,1997-01-23,"Development worker, community"
871,D7A4cDC318400a9,Savannah,Marsh,Female,wesleycontreras@example.com,+1-356-433-2853x10497,1909-08-01,Social researcher
872,6dEd664A81d9726,Cristian,Hansen,Female,jcaldwell@example.net,(378)127-6068,1979-05-27,"Civil engineer, contracting"
873,89D9ED9f397ccdF,Jasmine,Mcdaniel,Female,rita98@example.net,+1-727-361-0487,1928-08-05,Cytogeneticist
874,10378DebBF35f3b,Wendy,Ware,Female,tamisalazar@example.net,869-150-0627x4703,1955-11-01,Drilling engineer
877,54B827E53Aaad1B,Craig,Olson,Female,bmoreno@example.org,495.801.0696,1936-06-21,Art gallery manager
880,cC7cc25dDF9Bc7c,Cody,Stafford,Female,cfitzgerald@example.net,(145)206-5183x120,1907-03-18,Systems analyst
881,B7Bfd6CCb6e3550,Sonia,Hendricks,Female,judywagner@example.org,001-699-014-2260x68707,2006-04-03,IT technical support officer
882,B2fF6d256E04A02,Bill,Glass,Female,gabrielgriffith@example.net,305.824.1054,1960-11-04,"Pilot, airline"
883,bEB9A8E7cd5fe09,Rebecca,Nolan,Female,rmclaughlin@example.com,001-746-306-5874x1736,2015-06-26,Art therapist
884,9ED6A10458B20F4,Daniel,Braun,Female,pedrocordova@example.org,693.085.5807x70222,1978-03-17,Database administrator
885,Ad4fadaAcC5DA35,April,Mcdaniel,Female,coopercarly@example.org,001-375-664-6733x1057,1990-04-24,Photographer
891,C3c29A0dEb9Cfdd,Cristina,Berry,Female,cspencer@example.org,369-715-4082,2020-04-28,International aid/development worker
892,9Eb756Bd5F867Ee,Malik,Bruce,Female,gortega@example.com,001-665-942-5937x733,1925-07-26,Animator
894,9ef55AFab0FB5d1,Gabrielle,Knox,Female,chaneyshaun@example.com,629.764.8417,1997-11-26,"Investment banker, operational"
896,D1F81074fB19eF6,Dominique,Mendez,Female,nbullock@example.org,(250)964-1212x08050,2001-11-09,Forensic psychologist
897,013C5edC3dc4dF8,Ronnie,David,Female,cskinner@example.com,(303)232-2425x124,1974-11-12,Environmental education officer
899,85bfcA8E16fAFde,Cindy,Washington,Female,pettylevi@example.org,+1-724-220-9443x27366,1953-05-05,"Buyer, industrial"
900,15fDd48A41eCcd0,Cristina,Arroyo,Female,patrickgriffin@example.org,345-586-2372,1908-09-14,Actuary
901,EABBd81DFeeD7ab,Tracie,Trevino,Female,dominicochoa@example.com,364.579.0496x4459,1954-07-15,Fish farm manager
902,830EfF83609B48C,Alyssa,Robles,Female,mendezbrenda@example.com,939-220-4965x592,1924-01-10,Chief Operating Officer
905,9DDa9FF9FdBfC66,Francisco,Fox,Female,iflynn@example.org,+1-781-671-5355x6321,1909-01-06,"Editor, film/video"
906,b83e0c3c1B1dE27,Martha,Lin,Female,caitlynjoseph@example.net,593.328.5077x117,1927-09-08,Academic librarian
907,c2f4DfEeE02d1Fa,Sarah,Bautista,Female,lindseyallen@example.org,(873)754-7567x954,1934-12-25,Technical sales engineer
908,aC06DadA725b3Fd,Katie,George,Female,sharon37@example.org,815-913-2572x02631,1950-07-10,Archaeologist
910,3b44E9b5915745f,Whitney,Andrews,Female,xstein@example.net,870.261.9490,1966-01-11,"Journalist, broadcasting"
911,31FFcD6eB48E856,Michaela,Calhoun,Female,alejandrodiaz@example.net,001-855-398-7323,2004-12-27,Toxicologist
913,7Bad31BD10CE08C,Cheryl,May,Female,lesliebuck@example.org,+1-112-247-3774,1982-10-19,Web designer
915,a1Bec1eAd03bCAf,Christina,Walters,Female,gamblebeth@example.org,711-330-8727x8347,1917-02-11,Commissioning editor
916,2c1aBF56c97b969,Dustin,Dyer,Female,dianasloan@example.com,(209)121-8096x75468,1943-01-11,Clinical molecular geneticist
917,ca7B27cbefCEBb0,Angel,Knox,Female,calhounearl@example.com,001-101-460-3222x4214,1985-08-26,Conference centre manager
918,C150Dc3E15e3b0A,Jill,Jenkins,Female,xfoster@example.org,295.935.4715x866,1975-09-18,Multimedia specialist
920,3dCeDeb6a09408B,Suzanne,Hernandez,Female,conraddave@example.com,056-180-5303,2021-08-21,"Solicitor, Scotland"
921,fa1c3AABF9d6d5E,Joanne,Silva,Female,dukestefanie@example.com,990-151-2491x459,1915-09-04,Marine scientist
924,bF5721BbCd579Df,Suzanne,Hendrix,Female,lutztimothy@example.com,+1-071-665-5183,1935-01-18,Physiological scientist
925,3faedEDe9A8686a,Tyler,Morse,Female,andrewgordon@example.net,001-062-569-8803x495,1942-02-25,Personnel officer
929,9224fea6EB73BF1,Shari,Glenn,Female,chapmanchristie@example.org,5261513548,1927-07-28,Phytotherapist
932,4DfdDfafc4Da95e,Noah,Owen,Female,omyers@example.org,(154)196-0300,1978-03-07,Advice worker
934,b12d138244da69c,Angelica,Frazier,Female,ycervantes@example.net,150.057.0236x586,1930-01-02,"Engineer, maintenance"
935,C1d1F3BEd92F0Dd,Angel,Davidson,Female,qrosario@example.net,001-574-196-2679,1994-08-17,Licensed conveyancer
939,0dFeA94c36A0085,Glenn,Schaefer,Female,comptonjavier@example.org,325-757-1075x1808,1971-08-27,Pensions consultant
941,dD648d068e6BA2A,Willie,Mccall,Female,edrake@example.net,591.770.2107x723,1967-08-06,Agricultural engineer
943,2bDbaCfeA5dD24b,Sally,Carrillo,Female,reginaldarias@example.com,(118)027-7953x24931,2004-01-13,Call centre manager
945,D7B72E2A09D9a3e,Janet,Mckinney,Female,tonyahart@example.org,001-361-608-0212x399,1972-12-20,Ranger/warden
946,c39CA02fba16018,Brendan,Ellison,Female,garretttravis@example.org,737-135-1185,1994-01-21,"Designer, ceramics/pottery"
947,1E5bd39FEa189Ca,Ana,Rivas,Female,tinalynn@example.net,130.166.5858,1961-07-20,Oceanographer
951,aa4b6Ffcd5EA4a8,Johnny,Clarke,Female,sophia77@example.com,(555)556-6988x21736,1938-09-20,Medical sales representative
956,eA75Ff58254E608,Travis,Krause,Female,beverlyvelasquez@example.org,(915)767-8729x2329,1911-03-18,"Development worker, community"
957,15AeaeA0add0f2a,Kathy,Yoder,Female,mia15@example.org,477-481-4501,1945-09-11,Agricultural consultant
959,cFf7Cb8E9d87b29,Beth,Moyer,Female,sonia19@example.org,+1-143-008-7595x048,1996-03-26,Gaffer
960,e7C83084cdE54Ce,Joan,Kelly,Female,kelsey66@example.net,001-400-180-8962x830,1929-08-30,Office manager
961,5De2AdFAd2562e2,Don,Pacheco,Female,alvinestes@example.com,001-307-844-2388x95733,1979-04-05,"Optician, dispensing"
962,32Aa87B007D3a0c,Madeline,Sellers,Female,darryl11@example.org,+1-827-196-7629,1990-05-16,"Conservator, museum/gallery"
964,BeF4EDcC9cb475F,Angel,Marquez,Female,qhowell@example.net,348-920-7215x214,1949-02-14,Outdoor activities/education manager
965,401D08bA1E0f8bE,Breanna,Mccullough,Female,cschultz@example.org,286.971.1041,1936-01-19,Product designer
966,bdb61a25De7a257,Cassandra,Adkins,Female,alfred15@example.org,(349)721-1764,1953-01-21,"Therapist, sports"
968,6ae7dbDbeF0d829,Caitlyn,Hubbard,Female,brian39@example.net,+1-699-042-1590x381,1950-08-17,Location manager
972,Abb1C0C64234175,Phyllis,Ray,Female,bhowell@example.net,(149)141-7305,1950-03-23,"Embryologist, clinical"
973,CFd08cE1deAC2C1,Wesley,Berger,Female,robin88@example.com,739-995-5266x306,1980-08-08,Systems developer
977,220243491cdFd7A,Dennis,Hampton,Female,dorothy10@example.com,7241148148,1964-01-04,Consulting civil engineer
979,A40e0a3df2cF0E7,Duane,English,Female,noah95@example.net,+1-062-677-0343,1958-05-30,Health visitor
980,Fa4D7Cece0D9Aa0,Jon,Kaufman,Female,mathew63@example.org,+1-581-867-2285x063,2012-01-03,Warehouse manager
981,B8b858f588605dF,Roger,Hernandez,Female,kellie94@example.com,001-444-261-5594,1977-08-13,Drilling engineer
982,323ae5fE1Cc2fdB,James,Atkins,Female,lmckenzie@example.org,+1-262-212-1932x8501,1957-07-15,Arts development officer
984,7b5CfB8DdF8c5c5,Dorothy,Harvey,Female,kent52@example.org,710.150.4677,2017-09-07,Airline pilot
985,eB90cc8dCA28Ee3,Derrick,Stanton,Female,beasleybenjamin@example.org,+1-615-991-7499,2005-01-23,"Teacher, secondary school"
986,bA8b297CbcAcdB6,Susan,Clark,Female,fgallagher@example.com,001-406-691-1535,1914-04-22,Orthoptist
988,ceeDdd8a6A9684d,Joshua,Walker,Female,uperry@example.com,001-698-784-8170x725,1937-06-20,"Psychologist, prison and probation services"
989,00ED5d507b542D1,Gavin,Banks,Female,dalton42@example.com,001-010-399-4628x822,1930-01-19,Dentist
992,E6e70ad4a3d0A2c,Brittney,Trevino,Female,melendezcharlene@example.org,836-422-9878,1974-08-22,Illustrator
993,54cC44b9D7fEDCF,Greg,Chapman,Female,nfisher@example.com,469-029-3564x9081,2006-02-26,Petroleum engineer
994,0142106d1f4CcEF,Eugene,Love,Female,qbranch@example.com,(254)352-0160x4964,1956-05-13,Hospital doctor
996,fedF4c7Fd9e7cFa,Kurt,Bryant,Female,lyonsdaisy@example.net,021.775.2933,1959-01-05,Personnel officer
997,ECddaFEDdEc4FAB,Donna,Barry,Female,dariusbryan@example.com,001-149-710-7799x721,2001-10-06,Education administrator
998,2adde51d8B8979E,Cathy,Mckinney,Female,georgechan@example.org,+1-750-774-4128x33265,1918-05-13,Commercial/residential surveyor
1000,8b756f6231DDC6e,Lee,Tran,Female,deannablack@example.org,079.752.5424x67259,1947-01-24,"Nurse, learning disability"
